{
    "HP Pavilion": 60456.2421875,
    "Samsung Galaxy S24": 92980.6328125,
    "Samsung Galaxy S24 FE": 48930.75,
    "Samsung Galaxy A55": 25983.33,
    "HP Envy": 69400.00,
    "HP Victus": 48900.00,
    "Samsung Galaxy S24 Ultra": 120999.00,
    "HP Omen": 157499.00,
    "Apple MacBook Air": 109900.00,
    "OnePlus 12": 64999.00
}