{
    "HP Pavilion": 60456.2421875,
    "Samsung Galaxy S24": 92980.6328125,
    "Samsung Galaxy S24 FE": 48930.75,
    "Samsung Galaxy A55": 25983.33,
    "HP Envy": 69400.00,
    "HP Victus": 48900.00,
    "HP Omen": 116245.00,
    "MacBook Air": 74200.00,
    "OnePlus 12": 44250.00
}